Redirect from,Redirect to
/product/EMB-001,/products/24-collapsible-grill
/product/EMB-002,/products/30-collapsible-grill
/product/EMB-003,/products/24-collapsible-grill-with-grilling-top
/product/EMB-004,/products/30-collapsible-grill-with-grilling-top
/product/EMB-010,/products/lump-charcoal-10kg
/product/EMB-011,/products/instant-read-meat-thermometer
/product/EMB-013,/products/fire-starter
/product/EMB-016,/products/bbq-grill-brush
/product/EMB-018,/products/handheld-bbq-air-blower
/product/EMB-019,/products/charcoal-bag-5kg
/product/EMB-020,/products/brass-cleaning-brush
/product/PKG-001,/products/the-starter-set
/product/PKG-002,/products/the-weekend-set
/product/PKG-003,/products/the-pitmaster-set
/product/PKG-004,/products/the-flagship-set
/product/EMB-015,/collections/accessories
